<?xml version="1.0" encoding="utf-8"?><feed xmlns="http://www.w3.org/2005/Atom" ><generator uri="https://jekyllrb.com/" version="3.5.2">Jekyll</generator><link href="http://localhost:4000/feed.xml" rel="self" type="application/atom+xml" /><link href="http://localhost:4000/" rel="alternate" type="text/html" /><updated>2017-08-17T11:21:55+09:00</updated><id>http://localhost:4000/</id><title type="html">flyingmt site</title><subtitle>Write an awesome description for your new site here. You can edit this line in _config.yml. It will appear in your document head meta (for Google search results) and in your feed.xml site description.
</subtitle><entry><title type="html">DirectX 11.2 Study</title><link href="http://localhost:4000/programming/2017/08/17/directx11.2.html" rel="alternate" type="text/html" title="DirectX 11.2 Study" /><published>2017-08-17T11:20:00+09:00</published><updated>2017-08-17T11:20:00+09:00</updated><id>http://localhost:4000/programming/2017/08/17/directx11.2</id><content type="html" xml:base="http://localhost:4000/programming/2017/08/17/directx11.2.html">&lt;h1 id=&quot;directx-112&quot;&gt;DirectX 11.2&lt;/h1&gt;

&lt;h2 id=&quot;directx-112-초기화&quot;&gt;DirectX 11.2 초기화&lt;/h2&gt;
&lt;p&gt;DirectX 11.2는 COM으로 초기화한다. COM은 Interface로 이루워져 있으며 쉽게 스마트 포인터 형태인 ComPtr&amp;lt; T &amp;gt;을 사용한다. COM 포인터를 생성한 후 Create해서 사용하면 된다.&lt;/p&gt;

&lt;ol&gt;
  &lt;li&gt;DirectX Device 선언&lt;br /&gt;
이것은 장치 인터페이스 (비디오 아답터의 가상 대리자) 이다.&lt;/li&gt;
&lt;/ol&gt;

&lt;div class=&quot;language-cpp highlighter-rouge&quot;&gt;&lt;pre class=&quot;highlight&quot;&gt;&lt;code&gt;  &lt;span class=&quot;n&quot;&gt;ComPtr&lt;/span&gt;&lt;span class=&quot;o&quot;&gt;&amp;lt;&lt;/span&gt;&lt;span class=&quot;n&quot;&gt;ID3D11Device1&lt;/span&gt;&lt;span class=&quot;o&quot;&gt;&amp;gt;&lt;/span&gt; &lt;span class=&quot;n&quot;&gt;device&lt;/span&gt;&lt;span class=&quot;p&quot;&gt;;&lt;/span&gt;
&lt;/code&gt;&lt;/pre&gt;
&lt;/div&gt;

&lt;ol&gt;
  &lt;li&gt;DirectX Device Context 선언&lt;br /&gt;
이것은 GPU를 위한 제어 패널이다.&lt;/li&gt;
&lt;/ol&gt;

&lt;div class=&quot;language-cpp highlighter-rouge&quot;&gt;&lt;pre class=&quot;highlight&quot;&gt;&lt;code&gt;  &lt;span class=&quot;n&quot;&gt;ComPtr&lt;/span&gt;&lt;span class=&quot;o&quot;&gt;&amp;lt;&lt;/span&gt;&lt;span class=&quot;n&quot;&gt;ID3D11DeviceContext1&lt;/span&gt;&lt;span class=&quot;o&quot;&gt;&amp;gt;&lt;/span&gt; &lt;span class=&quot;n&quot;&gt;deviceContext&lt;/span&gt;&lt;span class=&quot;p&quot;&gt;;&lt;/span&gt;
&lt;/code&gt;&lt;/pre&gt;
&lt;/div&gt;

&lt;ol&gt;
  &lt;li&gt;DirectX Device와 Device Context 생성&lt;br /&gt;
DirectX Device와 Device Context 생성시 먼저 DirectX 11.0 인터페이스를 통해 생성 후 DirectX 11.2 버전으로 변환한다.&lt;/li&gt;
&lt;/ol&gt;

&lt;div class=&quot;language-cpp highlighter-rouge&quot;&gt;&lt;pre class=&quot;highlight&quot;&gt;&lt;code&gt;    &lt;span class=&quot;c1&quot;&gt;// Define temp pointer variables to a device and a device context.
&lt;/span&gt;    &lt;span class=&quot;n&quot;&gt;ComPtr&lt;/span&gt;&lt;span class=&quot;o&quot;&gt;&amp;lt;&lt;/span&gt;&lt;span class=&quot;n&quot;&gt;ID3D11Device&lt;/span&gt;&lt;span class=&quot;o&quot;&gt;&amp;gt;&lt;/span&gt; &lt;span class=&quot;n&quot;&gt;tempDevice&lt;/span&gt;&lt;span class=&quot;p&quot;&gt;;&lt;/span&gt;
	&lt;span class=&quot;n&quot;&gt;ComPtr&lt;/span&gt;&lt;span class=&quot;o&quot;&gt;&amp;lt;&lt;/span&gt;&lt;span class=&quot;n&quot;&gt;ID3D11DeviceContext&lt;/span&gt;&lt;span class=&quot;o&quot;&gt;&amp;gt;&lt;/span&gt; &lt;span class=&quot;n&quot;&gt;tempDeviceContext&lt;/span&gt;&lt;span class=&quot;p&quot;&gt;;&lt;/span&gt;

	&lt;span class=&quot;n&quot;&gt;D3D11CreateDevice&lt;/span&gt;&lt;span class=&quot;p&quot;&gt;(&lt;/span&gt;
		&lt;span class=&quot;nb&quot;&gt;nullptr&lt;/span&gt;&lt;span class=&quot;p&quot;&gt;,&lt;/span&gt;
		&lt;span class=&quot;n&quot;&gt;D3D_DRIVER_TYPE_HARDWARE&lt;/span&gt;&lt;span class=&quot;p&quot;&gt;,&lt;/span&gt;
		&lt;span class=&quot;nb&quot;&gt;nullptr&lt;/span&gt;&lt;span class=&quot;p&quot;&gt;,&lt;/span&gt;
		&lt;span class=&quot;mi&quot;&gt;0&lt;/span&gt;&lt;span class=&quot;p&quot;&gt;,&lt;/span&gt;
		&lt;span class=&quot;nb&quot;&gt;nullptr&lt;/span&gt;&lt;span class=&quot;p&quot;&gt;,&lt;/span&gt;
		&lt;span class=&quot;mi&quot;&gt;0&lt;/span&gt;&lt;span class=&quot;p&quot;&gt;,&lt;/span&gt;
		&lt;span class=&quot;n&quot;&gt;D3D11_SDK_VERSION&lt;/span&gt;&lt;span class=&quot;p&quot;&gt;,&lt;/span&gt;
		&lt;span class=&quot;o&quot;&gt;&amp;amp;&lt;/span&gt;&lt;span class=&quot;n&quot;&gt;tempDevice&lt;/span&gt;&lt;span class=&quot;p&quot;&gt;,&lt;/span&gt;
		&lt;span class=&quot;nb&quot;&gt;nullptr&lt;/span&gt;&lt;span class=&quot;p&quot;&gt;,&lt;/span&gt;
		&lt;span class=&quot;o&quot;&gt;&amp;amp;&lt;/span&gt;&lt;span class=&quot;n&quot;&gt;tempDeviceContext&lt;/span&gt;
	&lt;span class=&quot;p&quot;&gt;);&lt;/span&gt;

  &lt;span class=&quot;c1&quot;&gt;// Creating the device and the device context objects
&lt;/span&gt;	&lt;span class=&quot;n&quot;&gt;tempDevice&lt;/span&gt;&lt;span class=&quot;p&quot;&gt;.&lt;/span&gt;&lt;span class=&quot;n&quot;&gt;As&lt;/span&gt;&lt;span class=&quot;p&quot;&gt;(&lt;/span&gt;&lt;span class=&quot;o&quot;&gt;&amp;amp;&lt;/span&gt;&lt;span class=&quot;n&quot;&gt;device&lt;/span&gt;&lt;span class=&quot;p&quot;&gt;);&lt;/span&gt;
	&lt;span class=&quot;n&quot;&gt;tempDeviceContext&lt;/span&gt;&lt;span class=&quot;p&quot;&gt;.&lt;/span&gt;&lt;span class=&quot;n&quot;&gt;As&lt;/span&gt;&lt;span class=&quot;p&quot;&gt;(&lt;/span&gt;&lt;span class=&quot;o&quot;&gt;&amp;amp;&lt;/span&gt;&lt;span class=&quot;n&quot;&gt;deviceContext&lt;/span&gt;&lt;span class=&quot;p&quot;&gt;);&lt;/span&gt;
&lt;/code&gt;&lt;/pre&gt;
&lt;/div&gt;

&lt;h2 id=&quot;directx-swap-chain-만들기&quot;&gt;DirectX Swap Chain 만들기&lt;/h2&gt;
&lt;p&gt;GDI에서 Double Buffering 개념이라고 생각하면 됨. 다만 Buffer가 2개 일수도 있고, 여러개 일수도 있다. Swap Chain을 만들기 위해서는 DXGIFactory를 통해서 만들 수 있다.&lt;/p&gt;

&lt;ol&gt;
  &lt;li&gt;DirectX Swap Chain 선언&lt;/li&gt;
&lt;/ol&gt;

&lt;div class=&quot;language-cpp highlighter-rouge&quot;&gt;&lt;pre class=&quot;highlight&quot;&gt;&lt;code&gt;  &lt;span class=&quot;n&quot;&gt;ComPtr&lt;/span&gt;&lt;span class=&quot;o&quot;&gt;&amp;lt;&lt;/span&gt;&lt;span class=&quot;n&quot;&gt;IDXGISwapChain1&lt;/span&gt;&lt;span class=&quot;o&quot;&gt;&amp;gt;&lt;/span&gt; &lt;span class=&quot;n&quot;&gt;swapChain&lt;/span&gt;&lt;span class=&quot;p&quot;&gt;;&lt;/span&gt;
&lt;/code&gt;&lt;/pre&gt;
&lt;/div&gt;

&lt;ol&gt;
  &lt;li&gt;DXGI Factory 포인터 얻기&lt;/li&gt;
&lt;/ol&gt;

&lt;div class=&quot;language-cpp highlighter-rouge&quot;&gt;&lt;pre class=&quot;highlight&quot;&gt;&lt;code&gt;  &lt;span class=&quot;c1&quot;&gt;// Convert our D3D11Device1 interface to an IDXGIDevice1
&lt;/span&gt;	&lt;span class=&quot;n&quot;&gt;ComPtr&lt;/span&gt;&lt;span class=&quot;o&quot;&gt;&amp;lt;&lt;/span&gt;&lt;span class=&quot;n&quot;&gt;IDXGIDevice1&lt;/span&gt;&lt;span class=&quot;o&quot;&gt;&amp;gt;&lt;/span&gt; &lt;span class=&quot;n&quot;&gt;dxgiDevice&lt;/span&gt;&lt;span class=&quot;p&quot;&gt;;&lt;/span&gt;
	&lt;span class=&quot;n&quot;&gt;device&lt;/span&gt;&lt;span class=&quot;p&quot;&gt;.&lt;/span&gt;&lt;span class=&quot;n&quot;&gt;As&lt;/span&gt;&lt;span class=&quot;p&quot;&gt;(&lt;/span&gt;&lt;span class=&quot;o&quot;&gt;&amp;amp;&lt;/span&gt;&lt;span class=&quot;n&quot;&gt;dxgiDevice&lt;/span&gt;&lt;span class=&quot;p&quot;&gt;);&lt;/span&gt;

	&lt;span class=&quot;c1&quot;&gt;// Utilize the IDXGIDevice1 interface to get access to the adapter
&lt;/span&gt;	&lt;span class=&quot;n&quot;&gt;ComPtr&lt;/span&gt;&lt;span class=&quot;o&quot;&gt;&amp;lt;&lt;/span&gt;&lt;span class=&quot;n&quot;&gt;IDXGIAdapter&lt;/span&gt;&lt;span class=&quot;o&quot;&gt;&amp;gt;&lt;/span&gt; &lt;span class=&quot;n&quot;&gt;dxgiAdapter&lt;/span&gt;&lt;span class=&quot;p&quot;&gt;;&lt;/span&gt;
	&lt;span class=&quot;n&quot;&gt;dxgiDevice&lt;/span&gt;&lt;span class=&quot;o&quot;&gt;-&amp;gt;&lt;/span&gt;&lt;span class=&quot;n&quot;&gt;GetAdapter&lt;/span&gt;&lt;span class=&quot;p&quot;&gt;(&lt;/span&gt;&lt;span class=&quot;o&quot;&gt;&amp;amp;&lt;/span&gt;&lt;span class=&quot;n&quot;&gt;dxgiAdapter&lt;/span&gt;&lt;span class=&quot;p&quot;&gt;);&lt;/span&gt;

	&lt;span class=&quot;c1&quot;&gt;// Use the IDXGIAdapter interface to get access to the parent
&lt;/span&gt;	&lt;span class=&quot;n&quot;&gt;ComPtr&lt;/span&gt;&lt;span class=&quot;o&quot;&gt;&amp;lt;&lt;/span&gt;&lt;span class=&quot;n&quot;&gt;IDXGIFactory2&lt;/span&gt;&lt;span class=&quot;o&quot;&gt;&amp;gt;&lt;/span&gt; &lt;span class=&quot;n&quot;&gt;dxgiFactory&lt;/span&gt;&lt;span class=&quot;p&quot;&gt;;&lt;/span&gt;
	&lt;span class=&quot;n&quot;&gt;dxgiAdapter&lt;/span&gt;&lt;span class=&quot;o&quot;&gt;-&amp;gt;&lt;/span&gt;&lt;span class=&quot;n&quot;&gt;GetParent&lt;/span&gt;&lt;span class=&quot;p&quot;&gt;(&lt;/span&gt;&lt;span class=&quot;kr&quot;&gt;__uuidof&lt;/span&gt;&lt;span class=&quot;p&quot;&gt;(&lt;/span&gt;&lt;span class=&quot;n&quot;&gt;IDXGIFactory2&lt;/span&gt;&lt;span class=&quot;p&quot;&gt;),&lt;/span&gt; &lt;span class=&quot;o&quot;&gt;&amp;amp;&lt;/span&gt;&lt;span class=&quot;n&quot;&gt;dxgiFactory&lt;/span&gt;&lt;span class=&quot;p&quot;&gt;);&lt;/span&gt;  
&lt;/code&gt;&lt;/pre&gt;
&lt;/div&gt;

&lt;ol&gt;
  &lt;li&gt;Swap Chain Description 선언&lt;/li&gt;
&lt;/ol&gt;

&lt;div class=&quot;language-cpp highlighter-rouge&quot;&gt;&lt;pre class=&quot;highlight&quot;&gt;&lt;code&gt;  &lt;span class=&quot;c1&quot;&gt;// setup the swap chain description struct
&lt;/span&gt;	&lt;span class=&quot;n&quot;&gt;DXGI_SWAP_CHAIN_DESC1&lt;/span&gt; &lt;span class=&quot;n&quot;&gt;swapChainDescription&lt;/span&gt; &lt;span class=&quot;o&quot;&gt;=&lt;/span&gt; &lt;span class=&quot;p&quot;&gt;{&lt;/span&gt; &lt;span class=&quot;mi&quot;&gt;0&lt;/span&gt; &lt;span class=&quot;p&quot;&gt;};&lt;/span&gt;

  &lt;span class=&quot;c1&quot;&gt;// how the swap chain should be utilized
&lt;/span&gt;	&lt;span class=&quot;n&quot;&gt;swapChainDescription&lt;/span&gt;&lt;span class=&quot;p&quot;&gt;.&lt;/span&gt;&lt;span class=&quot;n&quot;&gt;BufferUsage&lt;/span&gt; &lt;span class=&quot;o&quot;&gt;=&lt;/span&gt; &lt;span class=&quot;n&quot;&gt;DXGI_USAGE_RENDER_TARGET_OUTPUT&lt;/span&gt;&lt;span class=&quot;p&quot;&gt;;&lt;/span&gt;
  &lt;span class=&quot;c1&quot;&gt;// a front buffer and a back buffer
&lt;/span&gt;  &lt;span class=&quot;n&quot;&gt;swapChainDescription&lt;/span&gt;&lt;span class=&quot;p&quot;&gt;.&lt;/span&gt;&lt;span class=&quot;n&quot;&gt;BufferCount&lt;/span&gt; &lt;span class=&quot;o&quot;&gt;=&lt;/span&gt; &lt;span class=&quot;mi&quot;&gt;2&lt;/span&gt;&lt;span class=&quot;p&quot;&gt;;&lt;/span&gt;
  &lt;span class=&quot;c1&quot;&gt;// a common swap chain
&lt;/span&gt;	&lt;span class=&quot;n&quot;&gt;swapChainDescription&lt;/span&gt;&lt;span class=&quot;p&quot;&gt;.&lt;/span&gt;&lt;span class=&quot;n&quot;&gt;Format&lt;/span&gt; &lt;span class=&quot;o&quot;&gt;=&lt;/span&gt; &lt;span class=&quot;n&quot;&gt;DXGI_FORMAT_B8G8R8A8_UNORM&lt;/span&gt;&lt;span class=&quot;p&quot;&gt;;&lt;/span&gt;			
  &lt;span class=&quot;c1&quot;&gt;// the recommand flip mode
&lt;/span&gt;  &lt;span class=&quot;n&quot;&gt;swapChainDescription&lt;/span&gt;&lt;span class=&quot;p&quot;&gt;.&lt;/span&gt;&lt;span class=&quot;n&quot;&gt;SwapEffect&lt;/span&gt; &lt;span class=&quot;o&quot;&gt;=&lt;/span&gt; &lt;span class=&quot;n&quot;&gt;DXGI_SWAP_EFFECT_FLIP_SEQUENTIAL&lt;/span&gt;&lt;span class=&quot;p&quot;&gt;;&lt;/span&gt;
  &lt;span class=&quot;c1&quot;&gt;// disables anti-aliasing
&lt;/span&gt;  &lt;span class=&quot;n&quot;&gt;swapChainDescription&lt;/span&gt;&lt;span class=&quot;p&quot;&gt;.&lt;/span&gt;&lt;span class=&quot;n&quot;&gt;SampleDesc&lt;/span&gt;&lt;span class=&quot;p&quot;&gt;.&lt;/span&gt;&lt;span class=&quot;n&quot;&gt;Count&lt;/span&gt; &lt;span class=&quot;o&quot;&gt;=&lt;/span&gt; &lt;span class=&quot;mi&quot;&gt;1&lt;/span&gt;&lt;span class=&quot;p&quot;&gt;;&lt;/span&gt;
&lt;/code&gt;&lt;/pre&gt;
&lt;/div&gt;

&lt;ol&gt;
  &lt;li&gt;DXGI Factory를 이용해서 Swap Chain 생성&lt;/li&gt;
&lt;/ol&gt;

&lt;div class=&quot;language-cpp highlighter-rouge&quot;&gt;&lt;pre class=&quot;highlight&quot;&gt;&lt;code&gt;  &lt;span class=&quot;n&quot;&gt;CoreWindow&lt;/span&gt;&lt;span class=&quot;o&quot;&gt;^&lt;/span&gt; &lt;span class=&quot;n&quot;&gt;Window&lt;/span&gt; &lt;span class=&quot;o&quot;&gt;=&lt;/span&gt; &lt;span class=&quot;n&quot;&gt;CoreWindow&lt;/span&gt;&lt;span class=&quot;o&quot;&gt;::&lt;/span&gt;&lt;span class=&quot;n&quot;&gt;GetForCurrentThread&lt;/span&gt;&lt;span class=&quot;p&quot;&gt;();&lt;/span&gt;
	&lt;span class=&quot;n&quot;&gt;dxgiFactory&lt;/span&gt;&lt;span class=&quot;o&quot;&gt;-&amp;gt;&lt;/span&gt;&lt;span class=&quot;n&quot;&gt;CreateSwapChainForCoreWindow&lt;/span&gt;&lt;span class=&quot;p&quot;&gt;(&lt;/span&gt;
		&lt;span class=&quot;n&quot;&gt;device&lt;/span&gt;&lt;span class=&quot;p&quot;&gt;.&lt;/span&gt;&lt;span class=&quot;n&quot;&gt;Get&lt;/span&gt;&lt;span class=&quot;p&quot;&gt;(),&lt;/span&gt;
		&lt;span class=&quot;k&quot;&gt;reinterpret_cast&lt;/span&gt;&lt;span class=&quot;o&quot;&gt;&amp;lt;&lt;/span&gt;&lt;span class=&quot;n&quot;&gt;IUnknown&lt;/span&gt;&lt;span class=&quot;o&quot;&gt;*&amp;gt;&lt;/span&gt;&lt;span class=&quot;p&quot;&gt;(&lt;/span&gt;&lt;span class=&quot;n&quot;&gt;Window&lt;/span&gt;&lt;span class=&quot;p&quot;&gt;),&lt;/span&gt;
		&lt;span class=&quot;o&quot;&gt;&amp;amp;&lt;/span&gt;&lt;span class=&quot;n&quot;&gt;swapChainDescription&lt;/span&gt;&lt;span class=&quot;p&quot;&gt;,&lt;/span&gt;
		&lt;span class=&quot;nb&quot;&gt;nullptr&lt;/span&gt;&lt;span class=&quot;p&quot;&gt;,&lt;/span&gt;
		&lt;span class=&quot;o&quot;&gt;&amp;amp;&lt;/span&gt;&lt;span class=&quot;n&quot;&gt;swapChain&lt;/span&gt;
	&lt;span class=&quot;p&quot;&gt;);&lt;/span&gt;
&lt;/code&gt;&lt;/pre&gt;
&lt;/div&gt;

&lt;ol&gt;
  &lt;li&gt;Swap Chain Render 하기&lt;/li&gt;
&lt;/ol&gt;

&lt;div class=&quot;language-cpp highlighter-rouge&quot;&gt;&lt;pre class=&quot;highlight&quot;&gt;&lt;code&gt;  &lt;span class=&quot;c1&quot;&gt;// Switch the back buffer and the front buffer
&lt;/span&gt;	&lt;span class=&quot;n&quot;&gt;swapChain&lt;/span&gt;&lt;span class=&quot;o&quot;&gt;-&amp;gt;&lt;/span&gt;&lt;span class=&quot;n&quot;&gt;Present&lt;/span&gt;&lt;span class=&quot;p&quot;&gt;(&lt;/span&gt;&lt;span class=&quot;mi&quot;&gt;1&lt;/span&gt;&lt;span class=&quot;p&quot;&gt;,&lt;/span&gt; &lt;span class=&quot;mi&quot;&gt;0&lt;/span&gt;&lt;span class=&quot;p&quot;&gt;);&lt;/span&gt;
&lt;/code&gt;&lt;/pre&gt;
&lt;/div&gt;

&lt;h2 id=&quot;directx-render-하기-1&quot;&gt;DirectX Render 하기 #1&lt;/h2&gt;
&lt;p&gt;DirectX를 통해서 화면에 어떤것을 출력하기 위해서는 최종으로 그려야할 이미지가 어디 메모리에 있는지 알려준 다음, Back Buffer 어디에 이미지를 그려야 하는지 알려줘야 한다.&lt;/p&gt;

&lt;ol&gt;
  &lt;li&gt;Render Target 선언하기&lt;/li&gt;
&lt;/ol&gt;

&lt;div class=&quot;language-cpp highlighter-rouge&quot;&gt;&lt;pre class=&quot;highlight&quot;&gt;&lt;code&gt;  &lt;span class=&quot;n&quot;&gt;ComPtr&lt;/span&gt;&lt;span class=&quot;o&quot;&gt;&amp;lt;&lt;/span&gt;&lt;span class=&quot;n&quot;&gt;ID3D11RenderTargetView&lt;/span&gt;&lt;span class=&quot;o&quot;&gt;&amp;gt;&lt;/span&gt; &lt;span class=&quot;n&quot;&gt;renderTarget&lt;/span&gt;&lt;span class=&quot;p&quot;&gt;;&lt;/span&gt;
&lt;/code&gt;&lt;/pre&gt;
&lt;/div&gt;

&lt;ol&gt;
  &lt;li&gt;Back Buffer 포인터 가져오기&lt;/li&gt;
&lt;/ol&gt;

&lt;div class=&quot;language-cpp highlighter-rouge&quot;&gt;&lt;pre class=&quot;highlight&quot;&gt;&lt;code&gt;  &lt;span class=&quot;c1&quot;&gt;// Get a direct pointer to the back buffer
&lt;/span&gt;	&lt;span class=&quot;n&quot;&gt;ComPtr&lt;/span&gt;&lt;span class=&quot;o&quot;&gt;&amp;lt;&lt;/span&gt; &lt;span class=&quot;n&quot;&gt;ID3D11Texture2D&lt;/span&gt; &lt;span class=&quot;o&quot;&gt;&amp;gt;&lt;/span&gt; &lt;span class=&quot;n&quot;&gt;backBuffer&lt;/span&gt;&lt;span class=&quot;p&quot;&gt;;&lt;/span&gt;
	&lt;span class=&quot;n&quot;&gt;swapChain&lt;/span&gt;&lt;span class=&quot;o&quot;&gt;-&amp;gt;&lt;/span&gt;&lt;span class=&quot;n&quot;&gt;GetBuffer&lt;/span&gt;&lt;span class=&quot;p&quot;&gt;(&lt;/span&gt;&lt;span class=&quot;mi&quot;&gt;0&lt;/span&gt;&lt;span class=&quot;p&quot;&gt;,&lt;/span&gt; &lt;span class=&quot;kr&quot;&gt;__uuidof&lt;/span&gt;&lt;span class=&quot;p&quot;&gt;(&lt;/span&gt;&lt;span class=&quot;n&quot;&gt;ID3D11Texture2D&lt;/span&gt;&lt;span class=&quot;p&quot;&gt;),&lt;/span&gt; &lt;span class=&quot;o&quot;&gt;&amp;amp;&lt;/span&gt;&lt;span class=&quot;n&quot;&gt;backBuffer&lt;/span&gt;&lt;span class=&quot;p&quot;&gt;);&lt;/span&gt;
&lt;/code&gt;&lt;/pre&gt;
&lt;/div&gt;

&lt;ol&gt;
  &lt;li&gt;Renter Target 생성하기&lt;/li&gt;
&lt;/ol&gt;

&lt;div class=&quot;language-cpp highlighter-rouge&quot;&gt;&lt;pre class=&quot;highlight&quot;&gt;&lt;code&gt;    &lt;span class=&quot;c1&quot;&gt;// Create a render target that points to our back buffer
&lt;/span&gt;	&lt;span class=&quot;n&quot;&gt;device&lt;/span&gt;&lt;span class=&quot;o&quot;&gt;-&amp;gt;&lt;/span&gt;&lt;span class=&quot;n&quot;&gt;CreateRenderTargetView&lt;/span&gt;&lt;span class=&quot;p&quot;&gt;(&lt;/span&gt;&lt;span class=&quot;n&quot;&gt;backBuffer&lt;/span&gt;&lt;span class=&quot;p&quot;&gt;.&lt;/span&gt;&lt;span class=&quot;n&quot;&gt;Get&lt;/span&gt;&lt;span class=&quot;p&quot;&gt;(),&lt;/span&gt; &lt;span class=&quot;nb&quot;&gt;nullptr&lt;/span&gt;&lt;span class=&quot;p&quot;&gt;,&lt;/span&gt; &lt;span class=&quot;o&quot;&gt;&amp;amp;&lt;/span&gt;&lt;span class=&quot;n&quot;&gt;renderTarget&lt;/span&gt;&lt;span class=&quot;p&quot;&gt;);&lt;/span&gt;
&lt;/code&gt;&lt;/pre&gt;
&lt;/div&gt;

&lt;ol&gt;
  &lt;li&gt;Render 하기&lt;/li&gt;
&lt;/ol&gt;

&lt;div class=&quot;language-cpp highlighter-rouge&quot;&gt;&lt;pre class=&quot;highlight&quot;&gt;&lt;code&gt;  &lt;span class=&quot;c1&quot;&gt;// Set the new render target as the active render target
&lt;/span&gt;	&lt;span class=&quot;n&quot;&gt;deviceContext&lt;/span&gt;&lt;span class=&quot;o&quot;&gt;-&amp;gt;&lt;/span&gt;&lt;span class=&quot;n&quot;&gt;OMSetRenderTargets&lt;/span&gt;&lt;span class=&quot;p&quot;&gt;(&lt;/span&gt;&lt;span class=&quot;mi&quot;&gt;1&lt;/span&gt;&lt;span class=&quot;p&quot;&gt;,&lt;/span&gt; &lt;span class=&quot;n&quot;&gt;renderTarget&lt;/span&gt;&lt;span class=&quot;p&quot;&gt;.&lt;/span&gt;&lt;span class=&quot;n&quot;&gt;GetAddressOf&lt;/span&gt;&lt;span class=&quot;p&quot;&gt;(),&lt;/span&gt; &lt;span class=&quot;nb&quot;&gt;nullptr&lt;/span&gt;&lt;span class=&quot;p&quot;&gt;);&lt;/span&gt;

	&lt;span class=&quot;c1&quot;&gt;// Clear the back buffer to some color
&lt;/span&gt;	&lt;span class=&quot;kt&quot;&gt;float&lt;/span&gt; &lt;span class=&quot;n&quot;&gt;colour&lt;/span&gt;&lt;span class=&quot;p&quot;&gt;[&lt;/span&gt;&lt;span class=&quot;mi&quot;&gt;4&lt;/span&gt;&lt;span class=&quot;p&quot;&gt;]&lt;/span&gt; &lt;span class=&quot;o&quot;&gt;=&lt;/span&gt; &lt;span class=&quot;p&quot;&gt;{&lt;/span&gt;&lt;span class=&quot;mf&quot;&gt;0.2&lt;/span&gt;&lt;span class=&quot;n&quot;&gt;f&lt;/span&gt;&lt;span class=&quot;p&quot;&gt;,&lt;/span&gt; &lt;span class=&quot;mf&quot;&gt;0.5&lt;/span&gt;&lt;span class=&quot;n&quot;&gt;f&lt;/span&gt;&lt;span class=&quot;p&quot;&gt;,&lt;/span&gt; &lt;span class=&quot;mf&quot;&gt;0.3&lt;/span&gt;&lt;span class=&quot;n&quot;&gt;f&lt;/span&gt;&lt;span class=&quot;p&quot;&gt;,&lt;/span&gt; &lt;span class=&quot;mf&quot;&gt;1.0&lt;/span&gt;&lt;span class=&quot;n&quot;&gt;f&lt;/span&gt;&lt;span class=&quot;p&quot;&gt;};&lt;/span&gt;
	&lt;span class=&quot;n&quot;&gt;deviceContext&lt;/span&gt;&lt;span class=&quot;o&quot;&gt;-&amp;gt;&lt;/span&gt;&lt;span class=&quot;n&quot;&gt;ClearRenderTargetView&lt;/span&gt;&lt;span class=&quot;p&quot;&gt;(&lt;/span&gt;&lt;span class=&quot;n&quot;&gt;renderTarget&lt;/span&gt;&lt;span class=&quot;p&quot;&gt;.&lt;/span&gt;&lt;span class=&quot;n&quot;&gt;Get&lt;/span&gt;&lt;span class=&quot;p&quot;&gt;(),&lt;/span&gt; &lt;span class=&quot;n&quot;&gt;colour&lt;/span&gt;&lt;span class=&quot;p&quot;&gt;);&lt;/span&gt;
&lt;/code&gt;&lt;/pre&gt;
&lt;/div&gt;

&lt;h2 id=&quot;video-memory-buffer-만들기&quot;&gt;Video Memory Buffer 만들기&lt;/h2&gt;
&lt;p&gt;흔히 점 같은 데이터를 처리할때 일반 Memory에 생성하면 CPU가 처리하면 느리기 때문에, 빠른 처리를 위해 Video Memory에 데이터를 옮겨서 GPU가 처리하게 하는 것이 일반적이다. 그렇기 위해서는 먼저 Video Memory에 Buffer를 생성해야 한다.&lt;/p&gt;

&lt;ol&gt;
  &lt;li&gt;Vertex 구조체 정의&lt;/li&gt;
&lt;/ol&gt;

&lt;div class=&quot;language-cpp highlighter-rouge&quot;&gt;&lt;pre class=&quot;highlight&quot;&gt;&lt;code&gt;  &lt;span class=&quot;k&quot;&gt;struct&lt;/span&gt; &lt;span class=&quot;n&quot;&gt;VERTEX&lt;/span&gt;
  &lt;span class=&quot;p&quot;&gt;{&lt;/span&gt;
  	&lt;span class=&quot;kt&quot;&gt;float&lt;/span&gt; &lt;span class=&quot;n&quot;&gt;X&lt;/span&gt;&lt;span class=&quot;p&quot;&gt;,&lt;/span&gt; &lt;span class=&quot;n&quot;&gt;Y&lt;/span&gt;&lt;span class=&quot;p&quot;&gt;,&lt;/span&gt; &lt;span class=&quot;n&quot;&gt;Z&lt;/span&gt;&lt;span class=&quot;p&quot;&gt;;&lt;/span&gt;
  &lt;span class=&quot;p&quot;&gt;};&lt;/span&gt;
&lt;/code&gt;&lt;/pre&gt;
&lt;/div&gt;

&lt;ol&gt;
  &lt;li&gt;Vertex 선언&lt;/li&gt;
&lt;/ol&gt;

&lt;div class=&quot;language-cpp highlighter-rouge&quot;&gt;&lt;pre class=&quot;highlight&quot;&gt;&lt;code&gt;  &lt;span class=&quot;n&quot;&gt;VERTEX&lt;/span&gt; &lt;span class=&quot;n&quot;&gt;Vertices&lt;/span&gt;&lt;span class=&quot;p&quot;&gt;[]&lt;/span&gt; &lt;span class=&quot;o&quot;&gt;=&lt;/span&gt;
  &lt;span class=&quot;p&quot;&gt;{&lt;/span&gt;
  		&lt;span class=&quot;p&quot;&gt;{&lt;/span&gt;&lt;span class=&quot;mf&quot;&gt;0.0&lt;/span&gt;&lt;span class=&quot;n&quot;&gt;f&lt;/span&gt;&lt;span class=&quot;p&quot;&gt;,&lt;/span&gt; &lt;span class=&quot;mf&quot;&gt;0.5&lt;/span&gt;&lt;span class=&quot;n&quot;&gt;f&lt;/span&gt;&lt;span class=&quot;p&quot;&gt;,&lt;/span&gt; &lt;span class=&quot;mf&quot;&gt;0.0&lt;/span&gt;&lt;span class=&quot;n&quot;&gt;f&lt;/span&gt;&lt;span class=&quot;p&quot;&gt;},&lt;/span&gt;
  		&lt;span class=&quot;p&quot;&gt;{&lt;/span&gt;&lt;span class=&quot;mf&quot;&gt;0.45&lt;/span&gt;&lt;span class=&quot;n&quot;&gt;f&lt;/span&gt;&lt;span class=&quot;p&quot;&gt;,&lt;/span&gt; &lt;span class=&quot;o&quot;&gt;-&lt;/span&gt;&lt;span class=&quot;mf&quot;&gt;0.5&lt;/span&gt;&lt;span class=&quot;n&quot;&gt;f&lt;/span&gt;&lt;span class=&quot;p&quot;&gt;,&lt;/span&gt; &lt;span class=&quot;mf&quot;&gt;0.0&lt;/span&gt;&lt;span class=&quot;n&quot;&gt;f&lt;/span&gt;&lt;span class=&quot;p&quot;&gt;},&lt;/span&gt;
  		&lt;span class=&quot;p&quot;&gt;{&lt;/span&gt;&lt;span class=&quot;o&quot;&gt;-&lt;/span&gt;&lt;span class=&quot;mf&quot;&gt;0.45&lt;/span&gt;&lt;span class=&quot;n&quot;&gt;f&lt;/span&gt;&lt;span class=&quot;p&quot;&gt;,&lt;/span&gt; &lt;span class=&quot;o&quot;&gt;-&lt;/span&gt;&lt;span class=&quot;mf&quot;&gt;0.5&lt;/span&gt;&lt;span class=&quot;n&quot;&gt;f&lt;/span&gt;&lt;span class=&quot;p&quot;&gt;,&lt;/span&gt; &lt;span class=&quot;mf&quot;&gt;0.0&lt;/span&gt;&lt;span class=&quot;n&quot;&gt;f&lt;/span&gt;&lt;span class=&quot;p&quot;&gt;}&lt;/span&gt;
  &lt;span class=&quot;p&quot;&gt;};&lt;/span&gt;
&lt;/code&gt;&lt;/pre&gt;
&lt;/div&gt;

&lt;ol&gt;
  &lt;li&gt;Vertex Buffer 선언&lt;/li&gt;
&lt;/ol&gt;

&lt;div class=&quot;language-cpp highlighter-rouge&quot;&gt;&lt;pre class=&quot;highlight&quot;&gt;&lt;code&gt;  &lt;span class=&quot;n&quot;&gt;ComPtr&lt;/span&gt;&lt;span class=&quot;o&quot;&gt;&amp;lt;&lt;/span&gt; &lt;span class=&quot;n&quot;&gt;ID3D11Buffer&lt;/span&gt; &lt;span class=&quot;o&quot;&gt;&amp;gt;&lt;/span&gt; &lt;span class=&quot;n&quot;&gt;vertexBuffer&lt;/span&gt;&lt;span class=&quot;p&quot;&gt;;&lt;/span&gt;
&lt;/code&gt;&lt;/pre&gt;
&lt;/div&gt;

&lt;ol&gt;
  &lt;li&gt;Buffer Description 선언&lt;/li&gt;
&lt;/ol&gt;

&lt;div class=&quot;language-cpp highlighter-rouge&quot;&gt;&lt;pre class=&quot;highlight&quot;&gt;&lt;code&gt;  &lt;span class=&quot;n&quot;&gt;D3D11_BUFFER_DESC&lt;/span&gt; &lt;span class=&quot;n&quot;&gt;bufferDesc&lt;/span&gt; &lt;span class=&quot;o&quot;&gt;=&lt;/span&gt; &lt;span class=&quot;p&quot;&gt;{&lt;/span&gt; &lt;span class=&quot;mi&quot;&gt;0&lt;/span&gt; &lt;span class=&quot;p&quot;&gt;};&lt;/span&gt;
  &lt;span class=&quot;n&quot;&gt;bufferDesc&lt;/span&gt;&lt;span class=&quot;p&quot;&gt;.&lt;/span&gt;&lt;span class=&quot;n&quot;&gt;ByteWidth&lt;/span&gt; &lt;span class=&quot;o&quot;&gt;=&lt;/span&gt; &lt;span class=&quot;k&quot;&gt;sizeof&lt;/span&gt;&lt;span class=&quot;p&quot;&gt;(&lt;/span&gt;&lt;span class=&quot;n&quot;&gt;VERTEX&lt;/span&gt;&lt;span class=&quot;p&quot;&gt;)&lt;/span&gt; &lt;span class=&quot;o&quot;&gt;*&lt;/span&gt; &lt;span class=&quot;n&quot;&gt;ARRAYSIZE&lt;/span&gt;&lt;span class=&quot;p&quot;&gt;(&lt;/span&gt;&lt;span class=&quot;n&quot;&gt;Vertices&lt;/span&gt;&lt;span class=&quot;p&quot;&gt;);&lt;/span&gt;
  &lt;span class=&quot;n&quot;&gt;bufferDesc&lt;/span&gt;&lt;span class=&quot;p&quot;&gt;.&lt;/span&gt;&lt;span class=&quot;n&quot;&gt;BindFlags&lt;/span&gt; &lt;span class=&quot;o&quot;&gt;=&lt;/span&gt; &lt;span class=&quot;n&quot;&gt;D3D11_BIND_VERTEX_BUFFER&lt;/span&gt;&lt;span class=&quot;p&quot;&gt;;&lt;/span&gt;
&lt;/code&gt;&lt;/pre&gt;
&lt;/div&gt;

&lt;ol&gt;
  &lt;li&gt;Sub Resource Data 선언&lt;/li&gt;
&lt;/ol&gt;

&lt;div class=&quot;language-cpp highlighter-rouge&quot;&gt;&lt;pre class=&quot;highlight&quot;&gt;&lt;code&gt;  &lt;span class=&quot;n&quot;&gt;D3D11_SUBRESOURCE_DATA&lt;/span&gt; &lt;span class=&quot;n&quot;&gt;subResourceData&lt;/span&gt; &lt;span class=&quot;o&quot;&gt;=&lt;/span&gt; &lt;span class=&quot;p&quot;&gt;{&lt;/span&gt; &lt;span class=&quot;n&quot;&gt;Vertices&lt;/span&gt;&lt;span class=&quot;p&quot;&gt;,&lt;/span&gt; &lt;span class=&quot;mi&quot;&gt;0&lt;/span&gt;&lt;span class=&quot;p&quot;&gt;,&lt;/span&gt; &lt;span class=&quot;mi&quot;&gt;0&lt;/span&gt; &lt;span class=&quot;p&quot;&gt;};&lt;/span&gt;
&lt;/code&gt;&lt;/pre&gt;
&lt;/div&gt;

&lt;ol&gt;
  &lt;li&gt;Buffer 생성&lt;/li&gt;
&lt;/ol&gt;

&lt;div class=&quot;language-cpp highlighter-rouge&quot;&gt;&lt;pre class=&quot;highlight&quot;&gt;&lt;code&gt;  &lt;span class=&quot;n&quot;&gt;device&lt;/span&gt;&lt;span class=&quot;o&quot;&gt;-&amp;gt;&lt;/span&gt;&lt;span class=&quot;n&quot;&gt;CreateBuffer&lt;/span&gt;&lt;span class=&quot;p&quot;&gt;(&lt;/span&gt;&lt;span class=&quot;o&quot;&gt;&amp;amp;&lt;/span&gt;&lt;span class=&quot;n&quot;&gt;bufferDesc&lt;/span&gt;&lt;span class=&quot;p&quot;&gt;,&lt;/span&gt; &lt;span class=&quot;o&quot;&gt;&amp;amp;&lt;/span&gt;&lt;span class=&quot;n&quot;&gt;subResourceData&lt;/span&gt;&lt;span class=&quot;p&quot;&gt;,&lt;/span&gt; &lt;span class=&quot;o&quot;&gt;&amp;amp;&lt;/span&gt;&lt;span class=&quot;n&quot;&gt;vertexBuffer&lt;/span&gt;&lt;span class=&quot;p&quot;&gt;);&lt;/span&gt;
&lt;/code&gt;&lt;/pre&gt;
&lt;/div&gt;

&lt;h2 id=&quot;shader-만들기&quot;&gt;Shader 만들기&lt;/h2&gt;
&lt;p&gt;Rendering Pipeline 과정중 하나의 과정. Vertex Shader와 Pixel Shader가 있음.&lt;/p&gt;

&lt;ol&gt;
  &lt;li&gt;
    &lt;p&gt;Create a vertex shader / pixel shader file&lt;br /&gt;
기본 vertex shader와 pixel shader file 추가하는데 hlsl 파일이다. hlsl 파일들은 컴파일하면 cso 파일이 된다.&lt;/p&gt;
  &lt;/li&gt;
  &lt;li&gt;
    &lt;p&gt;파일 로딩 함수 생성&lt;/p&gt;
  &lt;/li&gt;
&lt;/ol&gt;

&lt;div class=&quot;language-cpp highlighter-rouge&quot;&gt;&lt;pre class=&quot;highlight&quot;&gt;&lt;code&gt;  &lt;span class=&quot;c1&quot;&gt;// loading a file into an Array^
&lt;/span&gt;  &lt;span class=&quot;n&quot;&gt;Array&lt;/span&gt;&lt;span class=&quot;o&quot;&gt;&amp;lt;&lt;/span&gt;&lt;span class=&quot;n&quot;&gt;byte&lt;/span&gt;&lt;span class=&quot;o&quot;&gt;&amp;gt;^&lt;/span&gt; &lt;span class=&quot;n&quot;&gt;LoadShaderFile&lt;/span&gt;&lt;span class=&quot;p&quot;&gt;(&lt;/span&gt;&lt;span class=&quot;n&quot;&gt;std&lt;/span&gt;&lt;span class=&quot;o&quot;&gt;::&lt;/span&gt;&lt;span class=&quot;n&quot;&gt;string&lt;/span&gt; &lt;span class=&quot;n&quot;&gt;File&lt;/span&gt;&lt;span class=&quot;p&quot;&gt;)&lt;/span&gt;
  &lt;span class=&quot;p&quot;&gt;{&lt;/span&gt;
  	&lt;span class=&quot;n&quot;&gt;Array&lt;/span&gt;&lt;span class=&quot;o&quot;&gt;&amp;lt;&lt;/span&gt;&lt;span class=&quot;n&quot;&gt;byte&lt;/span&gt;&lt;span class=&quot;o&quot;&gt;&amp;gt;^&lt;/span&gt; &lt;span class=&quot;n&quot;&gt;FileData&lt;/span&gt; &lt;span class=&quot;o&quot;&gt;=&lt;/span&gt; &lt;span class=&quot;nb&quot;&gt;nullptr&lt;/span&gt;&lt;span class=&quot;p&quot;&gt;;&lt;/span&gt;

  	&lt;span class=&quot;c1&quot;&gt;// Open the file
&lt;/span&gt;  	&lt;span class=&quot;n&quot;&gt;std&lt;/span&gt;&lt;span class=&quot;o&quot;&gt;::&lt;/span&gt;&lt;span class=&quot;n&quot;&gt;ifstream&lt;/span&gt; &lt;span class=&quot;n&quot;&gt;VertexFile&lt;/span&gt;&lt;span class=&quot;p&quot;&gt;(&lt;/span&gt;&lt;span class=&quot;n&quot;&gt;File&lt;/span&gt;&lt;span class=&quot;p&quot;&gt;,&lt;/span&gt; &lt;span class=&quot;n&quot;&gt;std&lt;/span&gt;&lt;span class=&quot;o&quot;&gt;::&lt;/span&gt;&lt;span class=&quot;n&quot;&gt;ios&lt;/span&gt;&lt;span class=&quot;o&quot;&gt;::&lt;/span&gt;&lt;span class=&quot;n&quot;&gt;in&lt;/span&gt; &lt;span class=&quot;o&quot;&gt;|&lt;/span&gt; &lt;span class=&quot;n&quot;&gt;std&lt;/span&gt;&lt;span class=&quot;o&quot;&gt;::&lt;/span&gt;&lt;span class=&quot;n&quot;&gt;ios&lt;/span&gt;&lt;span class=&quot;o&quot;&gt;::&lt;/span&gt;&lt;span class=&quot;n&quot;&gt;binary&lt;/span&gt; &lt;span class=&quot;o&quot;&gt;|&lt;/span&gt; &lt;span class=&quot;n&quot;&gt;std&lt;/span&gt;&lt;span class=&quot;o&quot;&gt;::&lt;/span&gt;&lt;span class=&quot;n&quot;&gt;ios&lt;/span&gt;&lt;span class=&quot;o&quot;&gt;::&lt;/span&gt;&lt;span class=&quot;n&quot;&gt;ate&lt;/span&gt;&lt;span class=&quot;p&quot;&gt;);&lt;/span&gt;

  	&lt;span class=&quot;c1&quot;&gt;// Check whether file open succeeded
&lt;/span&gt;  	&lt;span class=&quot;k&quot;&gt;if&lt;/span&gt; &lt;span class=&quot;p&quot;&gt;(&lt;/span&gt;&lt;span class=&quot;n&quot;&gt;VertexFile&lt;/span&gt;&lt;span class=&quot;p&quot;&gt;.&lt;/span&gt;&lt;span class=&quot;n&quot;&gt;is_open&lt;/span&gt;&lt;span class=&quot;p&quot;&gt;())&lt;/span&gt;
  	&lt;span class=&quot;p&quot;&gt;{&lt;/span&gt;
  		&lt;span class=&quot;c1&quot;&gt;// find the file length
&lt;/span&gt;  		&lt;span class=&quot;kt&quot;&gt;int&lt;/span&gt; &lt;span class=&quot;n&quot;&gt;length&lt;/span&gt; &lt;span class=&quot;o&quot;&gt;=&lt;/span&gt; &lt;span class=&quot;p&quot;&gt;(&lt;/span&gt;&lt;span class=&quot;kt&quot;&gt;int&lt;/span&gt;&lt;span class=&quot;p&quot;&gt;)&lt;/span&gt;&lt;span class=&quot;n&quot;&gt;VertexFile&lt;/span&gt;&lt;span class=&quot;p&quot;&gt;.&lt;/span&gt;&lt;span class=&quot;n&quot;&gt;tellg&lt;/span&gt;&lt;span class=&quot;p&quot;&gt;();&lt;/span&gt;

  		&lt;span class=&quot;c1&quot;&gt;// collect the data
&lt;/span&gt;  		&lt;span class=&quot;n&quot;&gt;FileData&lt;/span&gt; &lt;span class=&quot;o&quot;&gt;=&lt;/span&gt; &lt;span class=&quot;n&quot;&gt;ref&lt;/span&gt; &lt;span class=&quot;k&quot;&gt;new&lt;/span&gt; &lt;span class=&quot;n&quot;&gt;Array&lt;/span&gt;&lt;span class=&quot;o&quot;&gt;&amp;lt;&lt;/span&gt;&lt;span class=&quot;n&quot;&gt;byte&lt;/span&gt;&lt;span class=&quot;o&quot;&gt;&amp;gt;&lt;/span&gt;&lt;span class=&quot;p&quot;&gt;(&lt;/span&gt;&lt;span class=&quot;n&quot;&gt;length&lt;/span&gt;&lt;span class=&quot;p&quot;&gt;);&lt;/span&gt;
  		&lt;span class=&quot;n&quot;&gt;VertexFile&lt;/span&gt;&lt;span class=&quot;p&quot;&gt;.&lt;/span&gt;&lt;span class=&quot;n&quot;&gt;seekg&lt;/span&gt;&lt;span class=&quot;p&quot;&gt;(&lt;/span&gt;&lt;span class=&quot;mi&quot;&gt;0&lt;/span&gt;&lt;span class=&quot;p&quot;&gt;,&lt;/span&gt; &lt;span class=&quot;n&quot;&gt;std&lt;/span&gt;&lt;span class=&quot;o&quot;&gt;::&lt;/span&gt;&lt;span class=&quot;n&quot;&gt;ios&lt;/span&gt;&lt;span class=&quot;o&quot;&gt;::&lt;/span&gt;&lt;span class=&quot;n&quot;&gt;beg&lt;/span&gt;&lt;span class=&quot;p&quot;&gt;);&lt;/span&gt;
  		&lt;span class=&quot;n&quot;&gt;VertexFile&lt;/span&gt;&lt;span class=&quot;p&quot;&gt;.&lt;/span&gt;&lt;span class=&quot;n&quot;&gt;read&lt;/span&gt;&lt;span class=&quot;p&quot;&gt;(&lt;/span&gt;&lt;span class=&quot;k&quot;&gt;reinterpret_cast&lt;/span&gt;&lt;span class=&quot;o&quot;&gt;&amp;lt;&lt;/span&gt;&lt;span class=&quot;kt&quot;&gt;char&lt;/span&gt;&lt;span class=&quot;o&quot;&gt;*&amp;gt;&lt;/span&gt;&lt;span class=&quot;p&quot;&gt;(&lt;/span&gt;&lt;span class=&quot;n&quot;&gt;FileData&lt;/span&gt;&lt;span class=&quot;o&quot;&gt;-&amp;gt;&lt;/span&gt;&lt;span class=&quot;n&quot;&gt;Data&lt;/span&gt;&lt;span class=&quot;p&quot;&gt;),&lt;/span&gt; &lt;span class=&quot;n&quot;&gt;length&lt;/span&gt;&lt;span class=&quot;p&quot;&gt;);&lt;/span&gt;
  		&lt;span class=&quot;n&quot;&gt;VertexFile&lt;/span&gt;&lt;span class=&quot;p&quot;&gt;.&lt;/span&gt;&lt;span class=&quot;n&quot;&gt;close&lt;/span&gt;&lt;span class=&quot;p&quot;&gt;();&lt;/span&gt;
  	&lt;span class=&quot;p&quot;&gt;}&lt;/span&gt;

  	&lt;span class=&quot;k&quot;&gt;return&lt;/span&gt; &lt;span class=&quot;n&quot;&gt;FileData&lt;/span&gt;&lt;span class=&quot;p&quot;&gt;;&lt;/span&gt;
  &lt;span class=&quot;p&quot;&gt;}&lt;/span&gt;
&lt;/code&gt;&lt;/pre&gt;
&lt;/div&gt;

&lt;ol&gt;
  &lt;li&gt;Load the shaders from a .cso file&lt;/li&gt;
&lt;/ol&gt;

&lt;div class=&quot;language-cpp highlighter-rouge&quot;&gt;&lt;pre class=&quot;highlight&quot;&gt;&lt;code&gt;  &lt;span class=&quot;c1&quot;&gt;// load the shader file
&lt;/span&gt;	&lt;span class=&quot;n&quot;&gt;Array&lt;/span&gt;&lt;span class=&quot;o&quot;&gt;&amp;lt;&lt;/span&gt;&lt;span class=&quot;n&quot;&gt;byte&lt;/span&gt;&lt;span class=&quot;o&quot;&gt;&amp;gt;^&lt;/span&gt; &lt;span class=&quot;n&quot;&gt;VSFile&lt;/span&gt; &lt;span class=&quot;o&quot;&gt;=&lt;/span&gt; &lt;span class=&quot;n&quot;&gt;LoadShaderFile&lt;/span&gt;&lt;span class=&quot;p&quot;&gt;(&lt;/span&gt;&lt;span class=&quot;s&quot;&gt;&quot;VertexShader.cso&quot;&lt;/span&gt;&lt;span class=&quot;p&quot;&gt;);&lt;/span&gt;
	&lt;span class=&quot;n&quot;&gt;Array&lt;/span&gt;&lt;span class=&quot;o&quot;&gt;&amp;lt;&lt;/span&gt;&lt;span class=&quot;n&quot;&gt;byte&lt;/span&gt;&lt;span class=&quot;o&quot;&gt;&amp;gt;^&lt;/span&gt; &lt;span class=&quot;n&quot;&gt;PSFile&lt;/span&gt; &lt;span class=&quot;o&quot;&gt;=&lt;/span&gt; &lt;span class=&quot;n&quot;&gt;LoadShaderFile&lt;/span&gt;&lt;span class=&quot;p&quot;&gt;(&lt;/span&gt;&lt;span class=&quot;s&quot;&gt;&quot;PixelShader.cso&quot;&lt;/span&gt;&lt;span class=&quot;p&quot;&gt;);&lt;/span&gt;
&lt;/code&gt;&lt;/pre&gt;
&lt;/div&gt;

&lt;ol&gt;
  &lt;li&gt;각 Shader를 생성하기 위한 선언&lt;/li&gt;
&lt;/ol&gt;

&lt;div class=&quot;language-cpp highlighter-rouge&quot;&gt;&lt;pre class=&quot;highlight&quot;&gt;&lt;code&gt;    &lt;span class=&quot;n&quot;&gt;ComPtr&lt;/span&gt;&lt;span class=&quot;o&quot;&gt;&amp;lt;&lt;/span&gt;&lt;span class=&quot;n&quot;&gt;ID3D11VertexShader&lt;/span&gt;&lt;span class=&quot;o&quot;&gt;&amp;gt;&lt;/span&gt; &lt;span class=&quot;n&quot;&gt;vertexShader&lt;/span&gt;&lt;span class=&quot;p&quot;&gt;;&lt;/span&gt;
	&lt;span class=&quot;n&quot;&gt;ComPtr&lt;/span&gt;&lt;span class=&quot;o&quot;&gt;&amp;lt;&lt;/span&gt;&lt;span class=&quot;n&quot;&gt;ID3D11PixelShader&lt;/span&gt;&lt;span class=&quot;o&quot;&gt;&amp;gt;&lt;/span&gt; &lt;span class=&quot;n&quot;&gt;pixelShader&lt;/span&gt;&lt;span class=&quot;p&quot;&gt;;&lt;/span&gt;
&lt;/code&gt;&lt;/pre&gt;
&lt;/div&gt;

&lt;ol&gt;
  &lt;li&gt;Encapsulate the shaders into objects&lt;/li&gt;
&lt;/ol&gt;

&lt;div class=&quot;language-cpp highlighter-rouge&quot;&gt;&lt;pre class=&quot;highlight&quot;&gt;&lt;code&gt;  &lt;span class=&quot;c1&quot;&gt;// creating the shader objects
&lt;/span&gt;	&lt;span class=&quot;n&quot;&gt;device&lt;/span&gt;&lt;span class=&quot;o&quot;&gt;-&amp;gt;&lt;/span&gt;&lt;span class=&quot;n&quot;&gt;CreateVertexShader&lt;/span&gt;&lt;span class=&quot;p&quot;&gt;(&lt;/span&gt;&lt;span class=&quot;n&quot;&gt;VSFile&lt;/span&gt;&lt;span class=&quot;o&quot;&gt;-&amp;gt;&lt;/span&gt;&lt;span class=&quot;n&quot;&gt;Data&lt;/span&gt;&lt;span class=&quot;p&quot;&gt;,&lt;/span&gt; &lt;span class=&quot;n&quot;&gt;VSFile&lt;/span&gt;&lt;span class=&quot;o&quot;&gt;-&amp;gt;&lt;/span&gt;&lt;span class=&quot;n&quot;&gt;Length&lt;/span&gt;&lt;span class=&quot;p&quot;&gt;,&lt;/span&gt; &lt;span class=&quot;nb&quot;&gt;nullptr&lt;/span&gt;&lt;span class=&quot;p&quot;&gt;,&lt;/span&gt; &lt;span class=&quot;o&quot;&gt;&amp;amp;&lt;/span&gt;&lt;span class=&quot;n&quot;&gt;vertexShader&lt;/span&gt;&lt;span class=&quot;p&quot;&gt;);&lt;/span&gt;
	&lt;span class=&quot;n&quot;&gt;device&lt;/span&gt;&lt;span class=&quot;o&quot;&gt;-&amp;gt;&lt;/span&gt;&lt;span class=&quot;n&quot;&gt;CreatePixelShader&lt;/span&gt;&lt;span class=&quot;p&quot;&gt;(&lt;/span&gt;&lt;span class=&quot;n&quot;&gt;PSFile&lt;/span&gt;&lt;span class=&quot;o&quot;&gt;-&amp;gt;&lt;/span&gt;&lt;span class=&quot;n&quot;&gt;Data&lt;/span&gt;&lt;span class=&quot;p&quot;&gt;,&lt;/span&gt; &lt;span class=&quot;n&quot;&gt;PSFile&lt;/span&gt;&lt;span class=&quot;o&quot;&gt;-&amp;gt;&lt;/span&gt;&lt;span class=&quot;n&quot;&gt;Length&lt;/span&gt;&lt;span class=&quot;p&quot;&gt;,&lt;/span&gt; &lt;span class=&quot;nb&quot;&gt;nullptr&lt;/span&gt;&lt;span class=&quot;p&quot;&gt;,&lt;/span&gt; &lt;span class=&quot;o&quot;&gt;&amp;amp;&lt;/span&gt;&lt;span class=&quot;n&quot;&gt;pixelShader&lt;/span&gt;&lt;span class=&quot;p&quot;&gt;);&lt;/span&gt;
&lt;/code&gt;&lt;/pre&gt;
&lt;/div&gt;

&lt;ol&gt;
  &lt;li&gt;Set the shaders as active shaders.&lt;/li&gt;
&lt;/ol&gt;

&lt;div class=&quot;language-cpp highlighter-rouge&quot;&gt;&lt;pre class=&quot;highlight&quot;&gt;&lt;code&gt;  &lt;span class=&quot;c1&quot;&gt;// set the shaders as active shaders
&lt;/span&gt;  &lt;span class=&quot;n&quot;&gt;deviceContext&lt;/span&gt;&lt;span class=&quot;o&quot;&gt;-&amp;gt;&lt;/span&gt;&lt;span class=&quot;n&quot;&gt;VSSetShader&lt;/span&gt;&lt;span class=&quot;p&quot;&gt;(&lt;/span&gt;&lt;span class=&quot;n&quot;&gt;vertexShader&lt;/span&gt;&lt;span class=&quot;p&quot;&gt;.&lt;/span&gt;&lt;span class=&quot;n&quot;&gt;Get&lt;/span&gt;&lt;span class=&quot;p&quot;&gt;(),&lt;/span&gt; &lt;span class=&quot;nb&quot;&gt;nullptr&lt;/span&gt;&lt;span class=&quot;p&quot;&gt;,&lt;/span&gt; &lt;span class=&quot;mi&quot;&gt;0&lt;/span&gt;&lt;span class=&quot;p&quot;&gt;);&lt;/span&gt;
  &lt;span class=&quot;n&quot;&gt;deviceContext&lt;/span&gt;&lt;span class=&quot;o&quot;&gt;-&amp;gt;&lt;/span&gt;&lt;span class=&quot;n&quot;&gt;PSSetShader&lt;/span&gt;&lt;span class=&quot;p&quot;&gt;(&lt;/span&gt;&lt;span class=&quot;n&quot;&gt;pixelShader&lt;/span&gt;&lt;span class=&quot;p&quot;&gt;.&lt;/span&gt;&lt;span class=&quot;n&quot;&gt;Get&lt;/span&gt;&lt;span class=&quot;p&quot;&gt;(),&lt;/span&gt; &lt;span class=&quot;nb&quot;&gt;nullptr&lt;/span&gt;&lt;span class=&quot;p&quot;&gt;,&lt;/span&gt; &lt;span class=&quot;mi&quot;&gt;0&lt;/span&gt;&lt;span class=&quot;p&quot;&gt;);&lt;/span&gt;
&lt;/code&gt;&lt;/pre&gt;
&lt;/div&gt;

&lt;h2 id=&quot;input-layout-선언&quot;&gt;Input Layout 선언&lt;/h2&gt;
&lt;p&gt;Shader를 사용하기 위해서는 각 Shader들의 데이터들이 어떻게 구성되며 어떻게 계산해야하는지 설정해야 한다. Input Layout으로 한다.&lt;/p&gt;

&lt;ol&gt;
  &lt;li&gt;Input Layout 초기화를 Desc 선언&lt;/li&gt;
&lt;/ol&gt;

&lt;div class=&quot;language-cpp highlighter-rouge&quot;&gt;&lt;pre class=&quot;highlight&quot;&gt;&lt;code&gt;  &lt;span class=&quot;c1&quot;&gt;// initialize input layout
&lt;/span&gt;  &lt;span class=&quot;n&quot;&gt;D3D11_INPUT_ELEMENT_DESC&lt;/span&gt; &lt;span class=&quot;n&quot;&gt;inputElementDesc&lt;/span&gt;&lt;span class=&quot;p&quot;&gt;[]&lt;/span&gt; &lt;span class=&quot;o&quot;&gt;=&lt;/span&gt;
  &lt;span class=&quot;p&quot;&gt;{&lt;/span&gt;
  	&lt;span class=&quot;p&quot;&gt;{&lt;/span&gt; &lt;span class=&quot;s&quot;&gt;&quot;POSITION&quot;&lt;/span&gt;&lt;span class=&quot;p&quot;&gt;,&lt;/span&gt; &lt;span class=&quot;mi&quot;&gt;0&lt;/span&gt;&lt;span class=&quot;p&quot;&gt;,&lt;/span&gt; &lt;span class=&quot;n&quot;&gt;DXGI_FORMAT_R32G32B32_FLOAT&lt;/span&gt;&lt;span class=&quot;p&quot;&gt;,&lt;/span&gt; &lt;span class=&quot;mi&quot;&gt;0&lt;/span&gt;&lt;span class=&quot;p&quot;&gt;,&lt;/span&gt; &lt;span class=&quot;mi&quot;&gt;0&lt;/span&gt;&lt;span class=&quot;p&quot;&gt;,&lt;/span&gt; &lt;span class=&quot;n&quot;&gt;D3D11_INPUT_PER_VERTEX_DATA&lt;/span&gt;&lt;span class=&quot;p&quot;&gt;,&lt;/span&gt; &lt;span class=&quot;mi&quot;&gt;0&lt;/span&gt; &lt;span class=&quot;p&quot;&gt;},&lt;/span&gt;
  	&lt;span class=&quot;p&quot;&gt;{&lt;/span&gt; &lt;span class=&quot;s&quot;&gt;&quot;COLOR&quot;&lt;/span&gt;&lt;span class=&quot;p&quot;&gt;,&lt;/span&gt; &lt;span class=&quot;mi&quot;&gt;0&lt;/span&gt;&lt;span class=&quot;p&quot;&gt;,&lt;/span&gt; &lt;span class=&quot;n&quot;&gt;DXGI_FORMAT_R32G32B32_FLOAT&lt;/span&gt;&lt;span class=&quot;p&quot;&gt;,&lt;/span&gt; &lt;span class=&quot;mi&quot;&gt;0&lt;/span&gt;&lt;span class=&quot;p&quot;&gt;,&lt;/span&gt; &lt;span class=&quot;mi&quot;&gt;12&lt;/span&gt;&lt;span class=&quot;p&quot;&gt;,&lt;/span&gt; &lt;span class=&quot;n&quot;&gt;D3D11_INPUT_PER_VERTEX_DATA&lt;/span&gt;&lt;span class=&quot;p&quot;&gt;,&lt;/span&gt; &lt;span class=&quot;mi&quot;&gt;0&lt;/span&gt; &lt;span class=&quot;p&quot;&gt;},&lt;/span&gt;
  &lt;span class=&quot;p&quot;&gt;};&lt;/span&gt;
&lt;/code&gt;&lt;/pre&gt;
&lt;/div&gt;

&lt;ol&gt;
  &lt;li&gt;Input Layout 선언&lt;/li&gt;
&lt;/ol&gt;

&lt;div class=&quot;language-cpp highlighter-rouge&quot;&gt;&lt;pre class=&quot;highlight&quot;&gt;&lt;code&gt;  &lt;span class=&quot;n&quot;&gt;ComPtr&lt;/span&gt;&lt;span class=&quot;o&quot;&gt;&amp;lt;&lt;/span&gt;&lt;span class=&quot;n&quot;&gt;ID3D11InputLayout&lt;/span&gt;&lt;span class=&quot;o&quot;&gt;&amp;gt;&lt;/span&gt; &lt;span class=&quot;n&quot;&gt;inputLayout&lt;/span&gt;&lt;span class=&quot;p&quot;&gt;;&lt;/span&gt;
&lt;/code&gt;&lt;/pre&gt;
&lt;/div&gt;

&lt;ol&gt;
  &lt;li&gt;Input Layout 생성 및 설정&lt;/li&gt;
&lt;/ol&gt;

&lt;div class=&quot;language-cpp highlighter-rouge&quot;&gt;&lt;pre class=&quot;highlight&quot;&gt;&lt;code&gt;  &lt;span class=&quot;c1&quot;&gt;// create the input layout
&lt;/span&gt;  &lt;span class=&quot;n&quot;&gt;device&lt;/span&gt;&lt;span class=&quot;o&quot;&gt;-&amp;gt;&lt;/span&gt;&lt;span class=&quot;n&quot;&gt;CreateInputLayout&lt;/span&gt;&lt;span class=&quot;p&quot;&gt;(&lt;/span&gt;&lt;span class=&quot;n&quot;&gt;inputElementDesc&lt;/span&gt;&lt;span class=&quot;p&quot;&gt;,&lt;/span&gt; &lt;span class=&quot;n&quot;&gt;ARRAYSIZE&lt;/span&gt;&lt;span class=&quot;p&quot;&gt;(&lt;/span&gt;&lt;span class=&quot;n&quot;&gt;inputElementDesc&lt;/span&gt;&lt;span class=&quot;p&quot;&gt;),&lt;/span&gt; &lt;span class=&quot;n&quot;&gt;VSFile&lt;/span&gt;&lt;span class=&quot;o&quot;&gt;-&amp;gt;&lt;/span&gt;&lt;span class=&quot;n&quot;&gt;Data&lt;/span&gt;&lt;span class=&quot;p&quot;&gt;,&lt;/span&gt; &lt;span class=&quot;n&quot;&gt;VSFile&lt;/span&gt;&lt;span class=&quot;o&quot;&gt;-&amp;gt;&lt;/span&gt;&lt;span class=&quot;n&quot;&gt;Length&lt;/span&gt;&lt;span class=&quot;p&quot;&gt;,&lt;/span&gt; &lt;span class=&quot;o&quot;&gt;&amp;amp;&lt;/span&gt;&lt;span class=&quot;n&quot;&gt;inputLayout&lt;/span&gt;&lt;span class=&quot;p&quot;&gt;);&lt;/span&gt;
  &lt;span class=&quot;n&quot;&gt;deviceContext&lt;/span&gt;&lt;span class=&quot;o&quot;&gt;-&amp;gt;&lt;/span&gt;&lt;span class=&quot;n&quot;&gt;IASetInputLayout&lt;/span&gt;&lt;span class=&quot;p&quot;&gt;(&lt;/span&gt;&lt;span class=&quot;n&quot;&gt;inputLayout&lt;/span&gt;&lt;span class=&quot;p&quot;&gt;.&lt;/span&gt;&lt;span class=&quot;n&quot;&gt;Get&lt;/span&gt;&lt;span class=&quot;p&quot;&gt;());&lt;/span&gt;
&lt;/code&gt;&lt;/pre&gt;
&lt;/div&gt;

&lt;ol&gt;
  &lt;li&gt;View Port 설정&lt;/li&gt;
&lt;/ol&gt;

&lt;div class=&quot;language-cpp highlighter-rouge&quot;&gt;&lt;pre class=&quot;highlight&quot;&gt;&lt;code&gt;  &lt;span class=&quot;c1&quot;&gt;// set the viewport
&lt;/span&gt;	&lt;span class=&quot;n&quot;&gt;D3D11_VIEWPORT&lt;/span&gt; &lt;span class=&quot;n&quot;&gt;viewPort&lt;/span&gt; &lt;span class=&quot;o&quot;&gt;=&lt;/span&gt; &lt;span class=&quot;p&quot;&gt;{&lt;/span&gt; &lt;span class=&quot;mi&quot;&gt;0&lt;/span&gt; &lt;span class=&quot;p&quot;&gt;};&lt;/span&gt;

	&lt;span class=&quot;n&quot;&gt;viewPort&lt;/span&gt;&lt;span class=&quot;p&quot;&gt;.&lt;/span&gt;&lt;span class=&quot;n&quot;&gt;TopLeftX&lt;/span&gt; &lt;span class=&quot;o&quot;&gt;=&lt;/span&gt; &lt;span class=&quot;mi&quot;&gt;0&lt;/span&gt;&lt;span class=&quot;p&quot;&gt;;&lt;/span&gt;
	&lt;span class=&quot;n&quot;&gt;viewPort&lt;/span&gt;&lt;span class=&quot;p&quot;&gt;.&lt;/span&gt;&lt;span class=&quot;n&quot;&gt;TopLeftY&lt;/span&gt; &lt;span class=&quot;o&quot;&gt;=&lt;/span&gt; &lt;span class=&quot;mi&quot;&gt;0&lt;/span&gt;&lt;span class=&quot;p&quot;&gt;;&lt;/span&gt;
	&lt;span class=&quot;n&quot;&gt;viewPort&lt;/span&gt;&lt;span class=&quot;p&quot;&gt;.&lt;/span&gt;&lt;span class=&quot;n&quot;&gt;Width&lt;/span&gt; &lt;span class=&quot;o&quot;&gt;=&lt;/span&gt; &lt;span class=&quot;n&quot;&gt;Window&lt;/span&gt;&lt;span class=&quot;o&quot;&gt;-&amp;gt;&lt;/span&gt;&lt;span class=&quot;n&quot;&gt;Bounds&lt;/span&gt;&lt;span class=&quot;p&quot;&gt;.&lt;/span&gt;&lt;span class=&quot;n&quot;&gt;Width&lt;/span&gt;&lt;span class=&quot;p&quot;&gt;;&lt;/span&gt;
	&lt;span class=&quot;n&quot;&gt;viewPort&lt;/span&gt;&lt;span class=&quot;p&quot;&gt;.&lt;/span&gt;&lt;span class=&quot;n&quot;&gt;Height&lt;/span&gt; &lt;span class=&quot;o&quot;&gt;=&lt;/span&gt; &lt;span class=&quot;n&quot;&gt;Window&lt;/span&gt;&lt;span class=&quot;o&quot;&gt;-&amp;gt;&lt;/span&gt;&lt;span class=&quot;n&quot;&gt;Bounds&lt;/span&gt;&lt;span class=&quot;p&quot;&gt;.&lt;/span&gt;&lt;span class=&quot;n&quot;&gt;Height&lt;/span&gt;&lt;span class=&quot;p&quot;&gt;;&lt;/span&gt;

	&lt;span class=&quot;n&quot;&gt;deviceContext&lt;/span&gt;&lt;span class=&quot;o&quot;&gt;-&amp;gt;&lt;/span&gt;&lt;span class=&quot;n&quot;&gt;RSSetViewports&lt;/span&gt;&lt;span class=&quot;p&quot;&gt;(&lt;/span&gt;&lt;span class=&quot;mi&quot;&gt;1&lt;/span&gt;&lt;span class=&quot;p&quot;&gt;,&lt;/span&gt; &lt;span class=&quot;o&quot;&gt;&amp;amp;&lt;/span&gt;&lt;span class=&quot;n&quot;&gt;viewPort&lt;/span&gt;&lt;span class=&quot;p&quot;&gt;);&lt;/span&gt;
&lt;/code&gt;&lt;/pre&gt;
&lt;/div&gt;

&lt;h2 id=&quot;directx-render-하기-2&quot;&gt;DirectX Render 하기 #2&lt;/h2&gt;

&lt;ol&gt;
  &lt;li&gt;사용할 Vertex Buffer 설정&lt;/li&gt;
&lt;/ol&gt;

&lt;div class=&quot;language-cpp highlighter-rouge&quot;&gt;&lt;pre class=&quot;highlight&quot;&gt;&lt;code&gt;  &lt;span class=&quot;c1&quot;&gt;// setting up the vertex buffer
&lt;/span&gt;	&lt;span class=&quot;n&quot;&gt;UINT&lt;/span&gt; &lt;span class=&quot;n&quot;&gt;stride&lt;/span&gt; &lt;span class=&quot;o&quot;&gt;=&lt;/span&gt; &lt;span class=&quot;k&quot;&gt;sizeof&lt;/span&gt;&lt;span class=&quot;p&quot;&gt;(&lt;/span&gt;&lt;span class=&quot;n&quot;&gt;VERTEX&lt;/span&gt;&lt;span class=&quot;p&quot;&gt;);&lt;/span&gt;
	&lt;span class=&quot;n&quot;&gt;UINT&lt;/span&gt; &lt;span class=&quot;n&quot;&gt;offset&lt;/span&gt; &lt;span class=&quot;o&quot;&gt;=&lt;/span&gt; &lt;span class=&quot;mi&quot;&gt;0&lt;/span&gt;&lt;span class=&quot;p&quot;&gt;;&lt;/span&gt;
	&lt;span class=&quot;n&quot;&gt;deviceContext&lt;/span&gt;&lt;span class=&quot;o&quot;&gt;-&amp;gt;&lt;/span&gt;&lt;span class=&quot;n&quot;&gt;IASetVertexBuffers&lt;/span&gt;&lt;span class=&quot;p&quot;&gt;(&lt;/span&gt;&lt;span class=&quot;mi&quot;&gt;0&lt;/span&gt;&lt;span class=&quot;p&quot;&gt;,&lt;/span&gt; &lt;span class=&quot;mi&quot;&gt;1&lt;/span&gt;&lt;span class=&quot;p&quot;&gt;,&lt;/span&gt; &lt;span class=&quot;n&quot;&gt;vertexBuffer&lt;/span&gt;&lt;span class=&quot;p&quot;&gt;.&lt;/span&gt;&lt;span class=&quot;n&quot;&gt;GetAddressOf&lt;/span&gt;&lt;span class=&quot;p&quot;&gt;(),&lt;/span&gt; &lt;span class=&quot;o&quot;&gt;&amp;amp;&lt;/span&gt;&lt;span class=&quot;n&quot;&gt;stride&lt;/span&gt;&lt;span class=&quot;p&quot;&gt;,&lt;/span&gt; &lt;span class=&quot;o&quot;&gt;&amp;amp;&lt;/span&gt;&lt;span class=&quot;n&quot;&gt;offset&lt;/span&gt;&lt;span class=&quot;p&quot;&gt;);&lt;/span&gt;
&lt;/code&gt;&lt;/pre&gt;
&lt;/div&gt;

&lt;ol&gt;
  &lt;li&gt;사용할 Primitive 타입 설정&lt;/li&gt;
&lt;/ol&gt;

&lt;div class=&quot;language-cpp highlighter-rouge&quot;&gt;&lt;pre class=&quot;highlight&quot;&gt;&lt;code&gt;  &lt;span class=&quot;c1&quot;&gt;// setting up the primitive topology
&lt;/span&gt;  &lt;span class=&quot;n&quot;&gt;deviceContext&lt;/span&gt;&lt;span class=&quot;o&quot;&gt;-&amp;gt;&lt;/span&gt;&lt;span class=&quot;n&quot;&gt;IASetPrimitiveTopology&lt;/span&gt;&lt;span class=&quot;p&quot;&gt;(&lt;/span&gt;&lt;span class=&quot;n&quot;&gt;D3D11_PRIMITIVE_TOPOLOGY_TRIANGLELIST&lt;/span&gt;&lt;span class=&quot;p&quot;&gt;);&lt;/span&gt;
&lt;/code&gt;&lt;/pre&gt;
&lt;/div&gt;

&lt;ol&gt;
  &lt;li&gt;Primitive 그리기&lt;/li&gt;
&lt;/ol&gt;

&lt;div class=&quot;language-cpp highlighter-rouge&quot;&gt;&lt;pre class=&quot;highlight&quot;&gt;&lt;code&gt;  &lt;span class=&quot;n&quot;&gt;deviceContext&lt;/span&gt;&lt;span class=&quot;o&quot;&gt;-&amp;gt;&lt;/span&gt;&lt;span class=&quot;n&quot;&gt;Draw&lt;/span&gt;&lt;span class=&quot;p&quot;&gt;(&lt;/span&gt;&lt;span class=&quot;mi&quot;&gt;3&lt;/span&gt;&lt;span class=&quot;p&quot;&gt;,&lt;/span&gt; &lt;span class=&quot;mi&quot;&gt;0&lt;/span&gt;&lt;span class=&quot;p&quot;&gt;);&lt;/span&gt;
&lt;/code&gt;&lt;/pre&gt;
&lt;/div&gt;</content><author><name></name></author><summary type="html">DirectX 11.2 DirectX 11.2 초기화 DirectX 11.2는 COM으로 초기화한다. COM은 Interface로 이루워져 있으며 쉽게 스마트 포인터 형태인 ComPtr&amp;lt; T &amp;gt;을 사용한다. COM 포인터를 생성한 후 Create해서 사용하면 된다. DirectX Device 선언 이것은 장치 인터페이스 (비디오 아답터의 가상 대리자) 이다. ComPtr&amp;lt;ID3D11Device1&amp;gt; device; DirectX Device Context 선언 이것은 GPU를 위한 제어 패널이다. ComPtr&amp;lt;ID3D11DeviceContext1&amp;gt; deviceContext; DirectX Device와 Device Context 생성 DirectX Device와 Device Context 생성시 먼저 DirectX 11.0 인터페이스를 통해 생성 후 DirectX 11.2 버전으로 변환한다. // Define temp pointer variables to a device and a device context. ComPtr&amp;lt;ID3D11Device&amp;gt; tempDevice; ComPtr&amp;lt;ID3D11DeviceContext&amp;gt; tempDeviceContext; D3D11CreateDevice( nullptr, D3D_DRIVER_TYPE_HARDWARE, nullptr, 0, nullptr, 0, D3D11_SDK_VERSION, &amp;amp;tempDevice, nullptr, &amp;amp;tempDeviceContext ); // Creating the device and the device context objects tempDevice.As(&amp;amp;device); tempDeviceContext.As(&amp;amp;deviceContext); DirectX Swap Chain 만들기 GDI에서 Double Buffering 개념이라고 생각하면 됨. 다만 Buffer가 2개 일수도 있고, 여러개 일수도 있다. Swap Chain을 만들기 위해서는 DXGIFactory를 통해서 만들 수 있다. DirectX Swap Chain 선언 ComPtr&amp;lt;IDXGISwapChain1&amp;gt; swapChain; DXGI Factory 포인터 얻기 // Convert our D3D11Device1 interface to an IDXGIDevice1 ComPtr&amp;lt;IDXGIDevice1&amp;gt; dxgiDevice; device.As(&amp;amp;dxgiDevice); // Utilize the IDXGIDevice1 interface to get access to the adapter ComPtr&amp;lt;IDXGIAdapter&amp;gt; dxgiAdapter; dxgiDevice-&amp;gt;GetAdapter(&amp;amp;dxgiAdapter); // Use the IDXGIAdapter interface to get access to the parent ComPtr&amp;lt;IDXGIFactory2&amp;gt; dxgiFactory; dxgiAdapter-&amp;gt;GetParent(__uuidof(IDXGIFactory2), &amp;amp;dxgiFactory); Swap Chain Description 선언 // setup the swap chain description struct DXGI_SWAP_CHAIN_DESC1 swapChainDescription = { 0 }; // how the swap chain should be utilized swapChainDescription.BufferUsage = DXGI_USAGE_RENDER_TARGET_OUTPUT; // a front buffer and a back buffer swapChainDescription.BufferCount = 2; // a common swap chain swapChainDescription.Format = DXGI_FORMAT_B8G8R8A8_UNORM; // the recommand flip mode swapChainDescription.SwapEffect = DXGI_SWAP_EFFECT_FLIP_SEQUENTIAL; // disables anti-aliasing swapChainDescription.SampleDesc.Count = 1; DXGI Factory를 이용해서 Swap Chain 생성 CoreWindow^ Window = CoreWindow::GetForCurrentThread(); dxgiFactory-&amp;gt;CreateSwapChainForCoreWindow( device.Get(), reinterpret_cast&amp;lt;IUnknown*&amp;gt;(Window), &amp;amp;swapChainDescription, nullptr, &amp;amp;swapChain ); Swap Chain Render 하기 // Switch the back buffer and the front buffer swapChain-&amp;gt;Present(1, 0); DirectX Render 하기 #1 DirectX를 통해서 화면에 어떤것을 출력하기 위해서는 최종으로 그려야할 이미지가 어디 메모리에 있는지 알려준 다음, Back Buffer 어디에 이미지를 그려야 하는지 알려줘야 한다. Render Target 선언하기 ComPtr&amp;lt;ID3D11RenderTargetView&amp;gt; renderTarget; Back Buffer 포인터 가져오기 // Get a direct pointer to the back buffer ComPtr&amp;lt; ID3D11Texture2D &amp;gt; backBuffer; swapChain-&amp;gt;GetBuffer(0, __uuidof(ID3D11Texture2D), &amp;amp;backBuffer); Renter Target 생성하기 // Create a render target that points to our back buffer device-&amp;gt;CreateRenderTargetView(backBuffer.Get(), nullptr, &amp;amp;renderTarget); Render 하기 // Set the new render target as the active render target deviceContext-&amp;gt;OMSetRenderTargets(1, renderTarget.GetAddressOf(), nullptr); // Clear the back buffer to some color float colour[4] = {0.2f, 0.5f, 0.3f, 1.0f}; deviceContext-&amp;gt;ClearRenderTargetView(renderTarget.Get(), colour); Video Memory Buffer 만들기 흔히 점 같은 데이터를 처리할때 일반 Memory에 생성하면 CPU가 처리하면 느리기 때문에, 빠른 처리를 위해 Video Memory에 데이터를 옮겨서 GPU가 처리하게 하는 것이 일반적이다. 그렇기 위해서는 먼저 Video Memory에 Buffer를 생성해야 한다. Vertex 구조체 정의 struct VERTEX { float X, Y, Z; }; Vertex 선언 VERTEX Vertices[] = { {0.0f, 0.5f, 0.0f}, {0.45f, -0.5f, 0.0f}, {-0.45f, -0.5f, 0.0f} }; Vertex Buffer 선언 ComPtr&amp;lt; ID3D11Buffer &amp;gt; vertexBuffer; Buffer Description 선언 D3D11_BUFFER_DESC bufferDesc = { 0 }; bufferDesc.ByteWidth = sizeof(VERTEX) * ARRAYSIZE(Vertices); bufferDesc.BindFlags = D3D11_BIND_VERTEX_BUFFER; Sub Resource Data 선언 D3D11_SUBRESOURCE_DATA subResourceData = { Vertices, 0, 0 }; Buffer 생성 device-&amp;gt;CreateBuffer(&amp;amp;bufferDesc, &amp;amp;subResourceData, &amp;amp;vertexBuffer); Shader 만들기 Rendering Pipeline 과정중 하나의 과정. Vertex Shader와 Pixel Shader가 있음. Create a vertex shader / pixel shader file 기본 vertex shader와 pixel shader file 추가하는데 hlsl 파일이다. hlsl 파일들은 컴파일하면 cso 파일이 된다. 파일 로딩 함수 생성 // loading a file into an Array^ Array&amp;lt;byte&amp;gt;^ LoadShaderFile(std::string File) { Array&amp;lt;byte&amp;gt;^ FileData = nullptr; // Open the file std::ifstream VertexFile(File, std::ios::in | std::ios::binary | std::ios::ate); // Check whether file open succeeded if (VertexFile.is_open()) { // find the file length int length = (int)VertexFile.tellg(); // collect the data FileData = ref new Array&amp;lt;byte&amp;gt;(length); VertexFile.seekg(0, std::ios::beg); VertexFile.read(reinterpret_cast&amp;lt;char*&amp;gt;(FileData-&amp;gt;Data), length); VertexFile.close(); } return FileData; } Load the shaders from a .cso file // load the shader file Array&amp;lt;byte&amp;gt;^ VSFile = LoadShaderFile(&quot;VertexShader.cso&quot;); Array&amp;lt;byte&amp;gt;^ PSFile = LoadShaderFile(&quot;PixelShader.cso&quot;); 각 Shader를 생성하기 위한 선언 ComPtr&amp;lt;ID3D11VertexShader&amp;gt; vertexShader; ComPtr&amp;lt;ID3D11PixelShader&amp;gt; pixelShader; Encapsulate the shaders into objects // creating the shader objects device-&amp;gt;CreateVertexShader(VSFile-&amp;gt;Data, VSFile-&amp;gt;Length, nullptr, &amp;amp;vertexShader); device-&amp;gt;CreatePixelShader(PSFile-&amp;gt;Data, PSFile-&amp;gt;Length, nullptr, &amp;amp;pixelShader); Set the shaders as active shaders. // set the shaders as active shaders deviceContext-&amp;gt;VSSetShader(vertexShader.Get(), nullptr, 0); deviceContext-&amp;gt;PSSetShader(pixelShader.Get(), nullptr, 0); Input Layout 선언 Shader를 사용하기 위해서는 각 Shader들의 데이터들이 어떻게 구성되며 어떻게 계산해야하는지 설정해야 한다. Input Layout으로 한다. Input Layout 초기화를 Desc 선언 // initialize input layout D3D11_INPUT_ELEMENT_DESC inputElementDesc[] = { { &quot;POSITION&quot;, 0, DXGI_FORMAT_R32G32B32_FLOAT, 0, 0, D3D11_INPUT_PER_VERTEX_DATA, 0 }, { &quot;COLOR&quot;, 0, DXGI_FORMAT_R32G32B32_FLOAT, 0, 12, D3D11_INPUT_PER_VERTEX_DATA, 0 }, }; Input Layout 선언 ComPtr&amp;lt;ID3D11InputLayout&amp;gt; inputLayout; Input Layout 생성 및 설정 // create the input layout device-&amp;gt;CreateInputLayout(inputElementDesc, ARRAYSIZE(inputElementDesc), VSFile-&amp;gt;Data, VSFile-&amp;gt;Length, &amp;amp;inputLayout); deviceContext-&amp;gt;IASetInputLayout(inputLayout.Get()); View Port 설정 // set the viewport D3D11_VIEWPORT viewPort = { 0 }; viewPort.TopLeftX = 0; viewPort.TopLeftY = 0; viewPort.Width = Window-&amp;gt;Bounds.Width; viewPort.Height = Window-&amp;gt;Bounds.Height; deviceContext-&amp;gt;RSSetViewports(1, &amp;amp;viewPort); DirectX Render 하기 #2 사용할 Vertex Buffer 설정 // setting up the vertex buffer UINT stride = sizeof(VERTEX); UINT offset = 0; deviceContext-&amp;gt;IASetVertexBuffers(0, 1, vertexBuffer.GetAddressOf(), &amp;amp;stride, &amp;amp;offset); 사용할 Primitive 타입 설정 // setting up the primitive topology deviceContext-&amp;gt;IASetPrimitiveTopology(D3D11_PRIMITIVE_TOPOLOGY_TRIANGLELIST); Primitive 그리기 deviceContext-&amp;gt;Draw(3, 0);</summary></entry><entry><title type="html">Welcome to Jekyll!</title><link href="http://localhost:4000/jekyll/update/2017/08/17/welcome-to-jekyll.html" rel="alternate" type="text/html" title="Welcome to Jekyll!" /><published>2017-08-17T11:11:04+09:00</published><updated>2017-08-17T11:11:04+09:00</updated><id>http://localhost:4000/jekyll/update/2017/08/17/welcome-to-jekyll</id><content type="html" xml:base="http://localhost:4000/jekyll/update/2017/08/17/welcome-to-jekyll.html">&lt;p&gt;You’ll find this post in your &lt;code class=&quot;highlighter-rouge&quot;&gt;_posts&lt;/code&gt; directory. Go ahead and edit it and re-build the site to see your changes. You can rebuild the site in many different ways, but the most common way is to run &lt;code class=&quot;highlighter-rouge&quot;&gt;jekyll serve&lt;/code&gt;, which launches a web server and auto-regenerates your site when a file is updated.&lt;/p&gt;

&lt;p&gt;To add new posts, simply add a file in the &lt;code class=&quot;highlighter-rouge&quot;&gt;_posts&lt;/code&gt; directory that follows the convention &lt;code class=&quot;highlighter-rouge&quot;&gt;YYYY-MM-DD-name-of-post.ext&lt;/code&gt; and includes the necessary front matter. Take a look at the source for this post to get an idea about how it works.&lt;/p&gt;

&lt;p&gt;Jekyll also offers powerful support for code snippets:&lt;/p&gt;

&lt;figure class=&quot;highlight&quot;&gt;&lt;pre&gt;&lt;code class=&quot;language-ruby&quot; data-lang=&quot;ruby&quot;&gt;&lt;span class=&quot;k&quot;&gt;def&lt;/span&gt; &lt;span class=&quot;nf&quot;&gt;print_hi&lt;/span&gt;&lt;span class=&quot;p&quot;&gt;(&lt;/span&gt;&lt;span class=&quot;nb&quot;&gt;name&lt;/span&gt;&lt;span class=&quot;p&quot;&gt;)&lt;/span&gt;
  &lt;span class=&quot;nb&quot;&gt;puts&lt;/span&gt; &lt;span class=&quot;s2&quot;&gt;&quot;Hi, &lt;/span&gt;&lt;span class=&quot;si&quot;&gt;#{&lt;/span&gt;&lt;span class=&quot;nb&quot;&gt;name&lt;/span&gt;&lt;span class=&quot;si&quot;&gt;}&lt;/span&gt;&lt;span class=&quot;s2&quot;&gt;&quot;&lt;/span&gt;
&lt;span class=&quot;k&quot;&gt;end&lt;/span&gt;
&lt;span class=&quot;n&quot;&gt;print_hi&lt;/span&gt;&lt;span class=&quot;p&quot;&gt;(&lt;/span&gt;&lt;span class=&quot;s1&quot;&gt;'Tom'&lt;/span&gt;&lt;span class=&quot;p&quot;&gt;)&lt;/span&gt;
&lt;span class=&quot;c1&quot;&gt;#=&amp;gt; prints 'Hi, Tom' to STDOUT.&lt;/span&gt;&lt;/code&gt;&lt;/pre&gt;&lt;/figure&gt;

&lt;p&gt;Check out the &lt;a href=&quot;https://jekyllrb.com/docs/home&quot;&gt;Jekyll docs&lt;/a&gt; for more info on how to get the most out of Jekyll. File all bugs/feature requests at &lt;a href=&quot;https://github.com/jekyll/jekyll&quot;&gt;Jekyll’s GitHub repo&lt;/a&gt;. If you have questions, you can ask them on &lt;a href=&quot;https://talk.jekyllrb.com/&quot;&gt;Jekyll Talk&lt;/a&gt;.&lt;/p&gt;</content><author><name></name></author><summary type="html">You’ll find this post in your _posts directory. Go ahead and edit it and re-build the site to see your changes. You can rebuild the site in many different ways, but the most common way is to run jekyll serve, which launches a web server and auto-regenerates your site when a file is updated.</summary></entry></feed>